CountryName,CountryCode,ContinentCode,CenterLongitude,CenterLatitude,Population,Area ,GDP,Cluster
United Arab Emirates,AE,AS,54,24,9156960,82880,23200,3
Afghanistan,AF,AS,65,33,32526560,647500,700,1
Anguilla,AI,NAM,-63.05,18.22,14610,102,8600,1
Albania,AL,EU,20,41,2896680,28748,4500,2
Armenia,AM,AS,45,40,3017710,29800,3500,2
Angola,AO,AF,18.5,-12.5,25021970,1246700,1900,1
Argentina,AR,SA,-64,-34,43416760,2766890,11200,3
Austria,AT,EU,13.33,47.33,8544590,83858,30000,0
Australia,AU,OC,135,-25,23968970,7686850,29000,0
Aruba,AW,NAM,-69.97,12.5,103890,193,28000,4
Azerbaijan,AZ,AS,47.5,40.5,9753970,86600,3400,4
Bosnia and Herzegovina,BA,EU,17.83,44.25,3810420,51129,6100,5
Barbados,BB,NAM,-59.53,13.17,284220,431,15700,4
Bangladesh,BD,AS,90,24,160995640,144000,1900,5
Belgium,BE,EU,4,50.83,11299190,30510,29100,3
Bulgaria,BG,EU,25,43,7149790,110910,7600,0
Bahrain,BH,AS,50.5,26,1377240,665,16900,3
Bermuda,BM,NAM,-64.75,32.33,62000,53,36000,2
Bolivia,BO,SA,-65,-17,10724710,1098580,2400,2
Brazil,BR,SA,-55,-10,207847530,8511965,7600,0
Bahamas,BS,NAM,-76,24,388020,13940,16700,2
Bhutan,BT,AS,90.5,27.5,774830,47000,1300,1
Botswana,BW,AF,24,-22,2262490,600370,9000,2
Belarus,BY,EU,28,53,9495830,207600,6100,3
Belize,BZ,NAM,-88.75,17.25,359290,22966,4900,4
Canada,CA,NAM,-96,60,35939930,9984670,29800,0
Switzerland,CH,EU,8,47,8298660,41290,32700,3
Chile,CL,SA,-71,-30,17948140,756950,9900,5
Cameroon,CM,AF,12,6,23344180,475440,1800,1
China,CN,AS,105,35,1376048940,9596960,5000,5
Colombia,CO,SA,-72,4,48228700,1138910,6300,5
Costa Rica,CR,NAM,-84,10,4807850,51100,9100,5
Cyprus,CY,EU,33,35,1165300,9250,19200,5
Germany,DE,EU,10.5,51.5,80688550,357021,27600,5
Djibouti,DJ,AF,42.5,11.5,887860,23000,1300,4
Denmark,DK,EU,10,56,5669080,43094,31100,0
Dominica,DM,NAM,-61.33,15.5,72680,754,5400,3
Dominican Republic,DO,NAM,-70.67,19,10528390,48730,6000,3
Algeria,DZ,AF,3,28,39666520,2381740,6000,0
Ecuador,EC,SA,-77.5,-2,16144360,283560,3300,2
Estonia,EE,EU,26,59,1312560,45226,12300,3
Egypt,EG,AF,30,27,91508080,1001450,4000,3
Spain,ES,EU,-4,40,46121700,504782,22000,5
Finland,FI,EU,26,64,5503460,337030,27400,0
Micronesia,FM,OC,152,5,104460,702,2000,4
Faroe Islands,FO,EU,-7,62,48200,1399,22000,5
France,FR,EU,2,46,64395350,547030,27600,5
Gabon,GA,AF,11.75,-1,1725290,267667,5500,4
United Kingdom,GB,EU,-4.5,54,64715810,244820,27700,3
Georgia,GE,AS,43.5,42,3999810,69700,2500,3
French Guiana,GF,SA,-53,4,268610,91000,8300,1
Ghana,GH,AF,-2,8,27409890,239460,2200,4
Gibraltar,GI,EU,-5.35,36.13,32220,6.5,17500,1
Guadeloupe,GP,NAM,-61.58,16.25,468450,1780,8000,2
Greece,GR,EU,22,39,10954620,131940,20000,5
Guatemala,GT,NAM,-90.25,15.5,16342900,108890,4100,2
Guam,GU,OC,144.83,13.47,169890,549,21000,5
Guyana,GY,SA,-59,5,767090,214970,4000,1
Hong Kong,HK,AS,114.17,22.25,7287980,1092,28800,0
Honduras,HN,NAM,-86.5,15,8075060,112090,2600,2
Croatia,HR,EU,15.5,45.17,4240320,56542,10600,5
Hungary,HU,EU,20,47,9855020,93030,13900,0
Indonesia,ID,AS,120,-5,257563820,1919440,3200,5
Ireland,IE,EU,-8,53,4688470,70280,29600,5
Israel,IL,AS,34.75,31.5,8064040,20770,19800,5
Isle of Man,IM,EU,-4.55,54.23,87780,572,21000,1
India,IN,AS,77,20,1311050530,3287590,2900,0
Iraq,IQ,AS,44,33,36423400,437072,1500,3
Iceland,IS,EU,-18,65,329430,103000,30900,3
Italy,IT,EU,12.83,42.83,59797690,301230,26700,5
Jamaica,JM,NAM,-77.5,18.25,2793340,10991,3900,2
Jordan,JO,AS,36,31,7594550,92300,4300,5
Japan,JP,AS,138,36,126573480,377835,28200,0
Kenya,KE,AF,38,1,46050300,582650,1000,3
Kyrgyzstan,KG,AS,75,41,5939960,198500,1600,0
Cambodia,KH,AS,105,13,15577900,181040,1900,5
Kuwait,KW,AS,47.75,29.5,3892120,17820,19000,3
Cayman Islands,KY,NAM,-80.67,19.5,59970,262,35000,2
Kazakhstan,KZ,AS,68,48,17625230,2717300,6300,5
Laos,LA,AS,105,18,6802020,236800,1700,1
Lebanon,LB,AS,35.83,33.83,5850740,10400,4800,2
Sri Lanka,LK,AS,81,7,20715010,65610,3700,2
Lithuania,LT,EU,24,56,2878410,65200,11400,3
Luxembourg,LU,EU,6.17,49.75,567110,2586,55100,2
Latvia,LV,EU,25,57,1970500,64589,10200,5
Morocco,MA,AF,-5,32,34377510,446550,4000,5
Moldova,MD,EU,29,47,4068900,33843,1800,2
Madagascar,MG,AF,47,-20,24235390,587040,800,4
Marshall Islands,MH,OC,168,11,52990,181.3,1600,2
Macedonia,MK,EU,22,41.83,2078449,25333,6700,5
Mongolia,MN,AS,105,46,2959130,1565000,1800,2
Macao,MO,AS,113,22,587610,254,19400,4
Northern Mariana Islands,MP,OC,145.67,15.12,55070,477,12500,5
Martinique,MQ,NAM,-61,14.67,396430,1100,14400,1
Montserrat,MS,NAM,-62.2,16.75,5130,102,3400,2
Malta,MT,EU,14.42,35.92,418670,316,17700,2
Mauritius,MU,AF,57.58,-20.3,1273210,2040,11400,3
Maldives,MV,AS,73,3.2,363660,300,3900,2
Mexico,MX,NAM,-102,23,127017220,1972550,9000,3
Malaysia,MY,AS,101.97,4.22,30331010,329750,9000,3
Mozambique,MZ,AF,35,-18.25,27977860,801590,1200,4
Namibia,,AF,17,-22,2458830,825418,7200,5
New Caledonia,NC,OC,165.5,-21.5,263120,19060,15000,5
Nigeria,NG,AF,8,10,182201960,923768,900,4
Nicaragua,NI,NAM,-85,13,6082030,129494,2300,4
Netherlands,NL,EU,5.75,52.5,16924930,41526,28600,0
Norway,NO,EU,10,62,5210970,324220,37800,0
Nepal,NP,AS,84,28,28513700,140800,1400,2
New Zealand,NZ,OC,174,-42,4528530,268680,21600,0
Oman,OM,AS,57,21,4490540,212460,13100,5
Panama,PA,NAM,-80,9,3929140,78200,6300,4
Peru,PE,SA,-76,-10,31376670,1285220,5100,2
Philippines,PH,AS,122,13,100699400,300000,4600,0
Pakistan,PK,AS,70,30,188924870,803940,2100,0
Poland,PL,EU,20,52,38611790,312685,11100,0
Puerto Rico,PR,NAM,-66.55,18.23,3683240,9104,16800,3
Portugal,PT,EU,-8,39.5,10349800,92391,18000,3
Paraguay,PY,SA,-58,-23,6639120,406750,4700,4
Qatar,QA,AS,51.25,25.5,2235360,11437,21500,2
Romania,RO,EU,25,46,19511320,237500,7000,5
Serbia,RS,EU,21,43.8,8850980,88361,2200,0
Saudi Arabia,SA,AS,45,25,31540370,1960582,11800,5
Seychelles,SC,AF,55.67,-4.58,96470,455,7800,1
Sweden,SE,EU,15,62,9779430,449964,26800,5
Singapore,SG,AS,103.8,1.37,5603740,692.7,23700,3
Slovenia,SI,EU,15.17,46.25,2067530,20273,19000,5
Slovakia,SK,EU,19.5,48.67,5426260,48845,13300,3
San Marino,SM,EU,12.42,43.93,31780,61.2,34600,1
Senegal,SN,AF,-14,14,15129270,196190,1600,1
Somalia,SO,AF,48,6,10787100,637657,500,4
Suriname,SR,SA,-56,4,542980,163270,4000,2
El Salvador,SV,NAM,-88.92,13.83,6126580,21040,4800,2
Turks and Caicos Islands,TC,NAM,-71.58,21.73,34340,430,9600,4
Thailand,TH,AS,100,15,67959360,514000,7400,5
Tunisia,TN,AF,9,34,11253550,163610,6900,3
Turkey,TR,AS,35,39,78665830,780580,6700,5
Trinidad and Tobago,TT,NAM,-61,11,1360090,5128,9500,2
Tanzania,TZ,AF,35,-6,53470420,945087,600,2
Ukraine,UA,EU,32,49,44823770,603700,5400,3
United States,US,NAM,-98,38,321773630,9629091,37800,0
Uruguay,UY,SA,-56,-33,3431560,176220,12800,2
Uzbekistan,UZ,AS,64,41,29893490,447400,1700,2
Venezuela,VE,SA,-66,8,31108080,912050,4800,0
Yemen,YE,AS,47.5,15.5,26832220,527970,800,2
Mayotte,YT,AF,45.17,-12.83,240020,374,2600,4
South Africa,ZA,AF,26,-30,54490410,1219912,10700,3
